{"cameraMode":{"drawMode":0,"name":"Shaded","section":"Shading Mode"},"sceneLighting":true,"audioPlay":false,"sceneViewState":{"m_AlwaysRefresh":false,"showFog":true,"showSkybox":true,"showFlares":true,"showImageEffects":true,"showParticleSystems":true,"showVisualEffectGraphs":true,"m_FxEnabled":true},"in2DMode":false,"pivot":{"x":-42.947669982910159,"y":-2.900521755218506,"z":10.964330673217774},"rotation":{"x":0.04401936009526253,"y":-0.6929659247398377,"z":0.042462557554244998,"w":0.7183724045753479},"size":24.15030288696289,"orthographic":false}